MODULOS NECESARIOS PARA INSTALAR NODUX EN NODUX CIA. LTDA. SIN FACTURACION ELECTRONICA,,
,,
MODULE,COMPANY,
account,core,
account_invoice,core,
account_invoice_history,core,Aún no instalarlo
account_invoice_stock,core,
account_product,core,
account_statement,core,
bank,core,
company,core,
country,core,
currency,core,
dashboard,core,Aún no instalarlo
nodux_account_ats,nodux,
nodux_account_debit_note_ec,nodux,
nodux_account_ec,nodux,
nodux_account_invoice_multisequence,nodux,
nodux_account_niif_ec,nodux,
nodux_account_statement,nodux,
nodux_account_voucher_ec,nodux,
nodux_account_withholding_ec,nodux,
nodux_party_ec,nodux,
nodux_sale_payment,nodux,
nodux_sale_pos,nodux,
party,core,
product,core,
product_cost_history,core,
product_price_list,core,
purchase,core,
sale,core,
sale_invoice_grouping,core,
sale_payment,trytonspain,
sale_pos,zikzakmedia,
sale_price_list,core,
sale_product_stock,zikzakmedia,
sale_product_stock_shop,zikzakmedia,
sale_shop,zikzakmedia,
stock,core,
